make,model,generation
Bentley,Continental Supersports Convertible,-
Bentley,Continental GT Speed Convertible,-
Volvo,XC40 Recharge Twin Pure Electric,-
Ford,Transit Connect Passenger Wagon,3rd gen
Volvo,C40 Recharge Twin Pure Electric,-
Bentley,Continental Flying Spur Speed,1st gen
Mercedes-Benz,C-Class predecessor W201 190,W201
Bentley,Supersports Convertible ISR,-
Ford,Transit Connect Cargo Van,3rd gen
Mercedes-Benz,SL-Class predecessor R129,R129
Ram,ProMaster EV Delivery Van,-
Chevrolet,Silverado 1500HD Classic,1st gen
Chevrolet,Silverado 2500HD Classic,1st gen
Mercedes-Benz,E-Class predecessor W124,W124
Mercedes-Benz,S-Class predecessor W126,W126
Mercedes-Benz,S-Class predecessor W140,W140
Mercedes-Benz,SLS AMG GT Final Edition,-
Chevrolet,Black Diamond Avalanche,-
Bentley,Continental Flying Spur,1st gen
Bentley,Continental Supersports,-
Hyundai,Santa Fe Plug-In Hybrid,4th gen - TM
Maserati,GranTurismo Convertible,-
Hyundai,Santa Fe Plug-In Hybrid,4th gen TM
Kia,Sportage Plug-In Hybrid,5th gen NQ5
Toyota,Grand Highlander Hybrid,-
INEOS,Grenadier Quartermaster,-
Chevrolet,Silverado 1500 Limited,4th gen
Chevrolet,Silverado 1500 Classic,1st gen
Chevrolet,Silverado 3500 Classic,1st gen
Kia,Sorento Plug-In Hybrid,3rd gen
Mercedes-Benz,B-Class Electric Drive,-
Rolls-Royce,Phantom Drophead Coupe,-
Kia,Sorento Plug-In Hybrid,3rd gen UM
Ram,ProMaster EV Cargo Van,-
Bentley,Continental GTC Speed,-
Chevrolet,Silverado 1500 Hybrid,2nd gen
BMW,3 Series Gran Turismo,F34
BMW,5 Series Gran Turismo,F07
BMW,6 Series Gran Turismo,G32
Ford,Escape Plug-In Hybrid,4th gen
Ford,Transit Passenger Van,-
GMC,Sierra 1500HD Classic,2nd gen
GMC,Sierra 2500HD Classic,2nd gen
Honda,Accord Plug-In Hybrid,9th gen
Hyundai,Sonata Plug-in Hybrid,7th gen
Hyundai,Tucson Plug-In Hybrid,4th gen NX4
Kia,Optima Plug-In Hybrid,4th gen
Mazda,Mazdaspeed MX-5 Miata,2nd gen
Nissan,Murano CrossCabriolet,2nd gen
Hyundai,Sonata Plug-in Hybrid,7th gen LF
Kia,Optima Plug-In Hybrid,4th gen JF
Mazda,Mazdaspeed MX-5 Miata,2nd gen NB
Bentley,Continental GT Speed,-
BMW,ALPINA B6 Gran Coupe,F12
BMW,ALPINA B8 Gran Coupe,"G14, G15, G16"
Hyundai,Ioniq Plug-In Hybrid,-
Ram,Promaster Window Van,-
BMW,3 Series Convertible,E36
BMW,3 Series Convertible,E46
BMW,2 Series Convertible,F23
Toyota,Corolla Cross Hybrid,-
Audi,SQ8 Sportback e-tron,-
Toyota,Prius Plug-In Hybrid,-
Audi,SQ6 Sportback e-tron,-
Audi,A3 Sportback e-tron,8V
Audi,Q4 Sportback e-tron,-
BMW,2 Series Gran Coupe,-
BMW,4 Series Gran Coupe,F36
BMW,6 Series Gran Coupe,F12
BMW,8 Series Gran Coupe,"G14, G15, G16"
Ford,E-Transit Cargo Van,-
Ford,Explorer Sport Trac,2nd gen
Ford,Explorer Sport Trac,1st gen
GMC,Sierra 1500 Classic,2nd gen
GMC,Sierra 1500 Limited,5th gen
GMC,Sierra 1500 Limited,3rd gen
GMC,Sierra 3500 Classic,2nd gen
GMC,Sierra Classic 1500,1st gen
GMC,Sierra Classic 2500,1st gen
GMC,Sierra Classic 3500,1st gen
Kia,Niro Plug-In Hybrid,-
Oldsmobile,Eighty-Eight Royale,10th gen
Oldsmobile,Eighty-Eight Royale,9th gen
Ram,Promaster Cargo Van,-
BMW,2 Series Gran Coupe,1st gen F44
Audi,Q8 Sportback e-tron,-
BMW,8 Series Gran Coupe,G16
Toyota,RAV4 Plug-In Hybrid,5th gen XA50
Audi,A6 Sportback e-tron,-
Audi,Q6 Sportback e-tron,-
Audi,S6 Sportback e-tron,-
BMW,2 Series Gran Coupe,2nd gen F74
BMW,2 Series Gran Coupe,F44
Toyota,RAV4 Plug-In Hybrid,6th gen XA60
Audi,e-tron S Sportback,-
Ford,LTD Crown Victoria,-
GMC,Sierra 1500 Hybrid,3rd gen
Jeep,Grand Cherokee 4xe,WL
Land Rover,Range Rover Evoque,2nd gen
Land Rover,Range Rover Evoque,1st gen
Mazda,Mazdaspeed Protege,6th gen
Volkswagen,Beetle Convertible,-
Mazda,Mazdaspeed Protege,6th gen BJ
Volvo,EX30 Cross Country,-
Chevrolet,Chevy Van Classic,3rd gen
Bentley,Continental GT3-R,-
Chevrolet,Silverado 1500 LD,3rd gen
Ford,Transit Cargo Van,-
Jeep,Grand Cherokee WK,WK2
Land Rover,Range Rover Sport,3rd gen
Land Rover,Range Rover Sport,2nd gen
Land Rover,Range Rover Sport,1st gen
Land Rover,Range Rover Velar,-
Mitsubishi,Mighty Max Pickup,2nd gen
Toyota,Corolla Hatchback,E210
Toyota,Highlander Hybrid,4th gen
Toyota,Highlander Hybrid,3rd gen
Toyota,Highlander Hybrid,2nd gen
Toyota,Highlander Hybrid,1st gen
Volkswagen,Atlas Cross Sport,-
Volvo,S60 Cross Country,2nd gen
Volvo,V60 Cross Country,3rd gen
Volvo,V60 Cross Country,2nd gen
Volvo,V90 Cross Country,-
Toyota,Corolla Hatchback,12th gen E210
Toyota,Highlander Hybrid,4th gen XU70
Toyota,Highlander Hybrid,3rd gen XU50
Toyota,Highlander Hybrid,2nd gen XU40
Toyota,Highlander Hybrid,1st gen XU20
Jeep,Grand Cherokee WK,WS
Land Rover,Range Rover Sport,-
Aston Martin,DBS Superleggera,-
Audi,e-tron Sportback,-
Chevrolet,Silverado 1500HD,1st gen
Chevrolet,Silverado 2500HD,3rd gen
Chevrolet,Silverado 2500HD,2nd gen
Chevrolet,Silverado 2500HD,1st gen
Chevrolet,Silverado 3500HD,3rd gen
Chevrolet,Silverado 3500HD,2nd gen
Chrysler,Town and Country,5th gen
Chrysler,Town and Country,4th gen
Chrysler,Town and Country,3rd gen
Chrysler,Town and Country,2nd gen
Chrysler,Town and Country,1st gen
Ford,F-250 Super Duty,3rd gen
Ford,F-250 Super Duty,2nd gen
Ford,F-250 Super Duty,1st gen
Ford,F-350 Super Duty,3rd gen
Ford,F-350 Super Duty,2nd gen
Ford,F-350 Super Duty,1st gen
Ford,F-450 Super Duty,3rd gen
Ford,F-450 Super Duty,2nd gen
Ford,Transit Crew Van,-
Honda,Accord Crosstour,-
Jeep,Grand Cherokee L,WL
Mitsubishi,Lancer Evolution,8th gen
Mitsubishi,Lancer Evolution,7th gen
Mitsubishi,Lancer Sportback,8th gen
Volkswagen,Jetta SportWagen,A6 Typ 1B
Jeep,Grand Wagoneer L,WS
Ford,F-250 Super Duty,4th Gen
Ford,F-250 Super Duty,5th Gen
Ford,F-350 Super Duty,4th gen
Ford,F-350 Super Duty,5th gen
Ford,F-450 Super Duty,4th gen
Ford,F-450 Super Duty,4th gen
Ford,F-450 Super Duty,4th gen
Ford,F-450 Super Duty,5th gen
Toyota,Grand Highlander,-
Genesis,Electrified GV70,-
Chevrolet,Traverse Limited,2nd gen
Chevrolet,Silverado 2500HD,4th gen
Chevrolet,Silverado 2500HD,5th gen
Chevrolet,Silverado 3500HD,5th gen
Chevrolet,Silverado 3500HD,4th gen
Buick,Regal Sportback,6th gen
Acura,TSX Sport Wagon,2nd gen
Cadillac,CT4-V Blackwing,-
Cadillac,CT5-V Blackwing,-
Cadillac,Escalade Hybrid,3rd gen
Audi,allroad quattro,C5 - 4B
Chevrolet,C/K 1500 Series,4th gen
Chevrolet,C/K 2500 Series,4th gen
Chevrolet,C/K 3500 Series,4th gen
Bentley,Continental GTC,-
GMC,R/V 3500 Series,?
BMW,ActiveHybrid X6,"E71, E72"
Chevrolet,TrailBlazer EXT,1st gen
Chrysler,Pacifica Hybrid,-
Dodge,Ram Pickup 1500,4th gen
Dodge,Ram Pickup 1500,3rd gen
Dodge,Ram Pickup 1500,2nd gen
Dodge,Ram Pickup 2500,4th gen
Dodge,Ram Pickup 2500,3rd gen
Dodge,Ram Pickup 2500,2nd gen
Dodge,Ram Pickup 3500,4th gen
Dodge,Ram Pickup 3500,3rd gen
Dodge,Ram Pickup 3500,2nd gen
Ford,Econoline Cargo,4th gen
Ford,Econoline Wagon,4th gen
Ford,F-150 Lightning,14th gen
Ford,Transit Connect,2nd gen
Ford,Transit Connect,1st gen
Hyundai,Elantra Touring,4th gen
Hyundai,Santa Fe Hybrid,4th gen - TM
INFINITI,G37 Convertible,V36
INFINITI,Q60 Convertible,V36
Kia,Sportage Hybrid,4th gen
Land Rover,Discovery Sport,2nd gen
Land Rover,Discovery Sport,1st gen
Mazda,B-Series Pickup,rebranded Ford Courier
Mazda,B-Series Pickup,5th gen
Mercedes-Benz,GLC-Class Coupe,1st gen C253
Mercedes-Benz,GLE-Class Coupe,C292
Mercedes-Benz,Sprinter Worker,-
MINI,Cooper Roadster,R59
Mitsubishi,Outlander Sport,-
Oldsmobile,Cutlass Supreme,5th gen
Toyota,Yaris Hatchback,4th gen
Volkswagen,Golf SportWagen,A7 Typ 5G
Hyundai,Santa Fe Hybrid,4th gen TM
Kia,Sportage Hybrid,5th gen NQ5
Mazda,B-Series Pickup,5th gen UF
Toyota,Yaris Hatchback,-
Chevrolet,R/V 3500 Series,?
Genesis,Electrified G80,3rd gen RG3
Mazda,B-Series Pickup,rebadged Ford Courier
Mercedes-Benz,Maybach EQS SUV,X296
Kia,Carnival Hybrid,-
Maserati,Grecale Folgore,-
Mercedes-Benz,GLC-Class Coupe,2nd gen C254
Mercedes-Benz,GLC-Class Coupe,X205
Chevrolet,Impala Limited,10th gen
Chevrolet,Lumina Minivan,-
Chevrolet,Malibu Classic,6th gen
Bentley,Continental GT,-
Chevrolet,Malibu Limited,9th gen
Chevrolet,Silverado 1500,4th gen
Chevrolet,Silverado 1500,3rd gen
Chevrolet,Silverado 1500,2nd gen
Chevrolet,Silverado 1500,1st gen
Chevrolet,Silverado 2500,1st gen
Chevrolet,Silverado 3500,1st gen
BMW,ActiveHybrid 5,"F10, F11, F07"
BMW,ActiveHybrid 7,"F01, F02"
Dodge,Sprinter Cargo,2nd gen
Dodge,Sprinter Cargo,1st gen
Ferrari,612 Scaglietti,-
Ferrari,F12 Berlinetta,-
Ford,Crown Victoria,2nd gen
Ford,Crown Victoria,1st gen
Ford,E-Series Wagon,4th gen
Ford,Explorer Sport,1st gen
Ford,F-150 Heritage,10th gen
Ford,Mustang Mach-E,-
Ford,Windstar Cargo,2nd gen
Ford,Windstar Cargo,1st gen
Hyundai,Ioniq Electric,-
Hyundai,Santa Fe Sport,"3rd gen - DM, NC"
Jeep,Grand Cherokee,WK2
Jeep,Grand Cherokee,WK
Jeep,Grand Cherokee,WJ
Jeep,Grand Cherokee,ZJ
Jeep,Grand Wagoneer,WS
Jeep,Grand Wagoneer,ZJ
Jeep,Grand Wagoneer,?
Kia,Sorento Hybrid,3rd gen
Mazda,B-Series Truck,rebadged Ford Courier
Mazda,Tribute Hybrid,2nd gen
McLaren,MP4-12C Spider,-
Mercury,Mariner Hybrid,2nd gen
Mercury,Mariner Hybrid,1st gen
Mitsubishi,Eclipse Spyder,4th gen
Mitsubishi,Eclipse Spyder,3rd gen
Mitsubishi,Eclipse Spyder,2nd gen
Mitsubishi,Outlander PHEV,3rd gen
Oldsmobile,Custom Cruiser,?
Oldsmobile,Cutlass Calais,-
Ram,Promaster City,-
Toyota,Corolla Hybrid,E210
Volkswagen,Tiguan Limited,-
Hyundai,Santa Fe Sport,"3rd gen DM, NC"
Kia,Sorento Hybrid,3rd gen UM
Toyota,Corolla Hybrid,12th gen E210
MINI,Hardtop 4 Door,F55/F56
mo,Sorento Hybrid,3rd gen UM
MINI,Hardtop 2 Door,F55/F56
Hyundai,Elantra Hybrid,6th gen
Jeep,Grand Cherokee,WL
Aston Martin,V12 Vantage S,-
Cadillac,Sixty Special,-
Chevrolet,Captiva Sport,-
Chevrolet,Cruze Limited,2nd gen
Audi,SQ5 Sportback,80A
Chevrolet,Express Cargo,-
Chevrolet,Malibu Hybrid,7th gen
Chrysler,Grand Voyager,3rd gen
Dodge,Grand Caravan,5th gen
Dodge,Grand Caravan,4th gen
Dodge,Grand Caravan,3rd gen
Dodge,Grand Caravan,2nd gen
Dodge,Grand Caravan,1st gen
Dodge,Ram 50 Pickup,1st gen
Ferrari,812 Superfast,-
Ford,Escape Hybrid,2nd gen
Ford,Escape Hybrid,1st gen
Ford,Expedition EL,3rd gen
Ford,Fusion Energi,2nd gen
Ford,Fusion Hybrid,2nd gen
Ford,Fusion Hybrid,1st gen
Ford,Transit Wagon,-
GMC,Sierra 1500HD,2nd gen
GMC,Sierra 2500HD,4th gen
GMC,Sierra 2500HD,3rd gen
GMC,Sierra 2500HD,2nd gen
GMC,Sierra 3500HD,4th gen
GMC,Sierra 3500HD,3rd gen
Honda,Accord Hybrid,9th gen
Honda,Civic del Sol,3rd gen
Hyundai,Elantra Coupe,5th gen
Hyundai,Genesis Coupe,-
Hyundai,Kona Electric,-
Hyundai,Sonata Hybrid,8th gen
Hyundai,Sonata Hybrid,7th gen
Hyundai,Sonata Hybrid,6th gen
Kia,Optima Hybrid,4th gen
Mazda,MX-5 Miata RF,4th gen ND
Mercury,Grand Marquis,4th gen
Mercury,Grand Marquis,3rd gen
Mercury,Grand Marquis,2nd gen
Mercury,Grand Marquis,1st gen
Mitsubishi,Eclipse Cross,-
Mitsubishi,Montero Sport,-
Nissan,Altima Hybrid,L32/U32
Oldsmobile,Cutlass Ciera,2nd gen
Plymouth,Grand Voyager,2nd gen
Plymouth,Grand Voyager,1st gen
Porsche,Cayenne Coupe,9YB
Rolls-Royce,Phantom Coupe,-
Rolls-Royce,Silver Seraph,-
Toyota,Avalon Hybrid,XX40
Toyota,Corolla Cross,-
Toyota,Prius Plug-in,-
Volkswagen,Golf Alltrack,A7 Typ 5G
Volvo,XC40 Recharge,-
Hyundai,Sonata Hybrid,8th gen DN8
Hyundai,Sonata Hybrid,7th gen LF
Hyundai,Sonata Hybrid,6th gen YF
Kia,Optima Hybrid,4th gen JF
Nissan,Altima Hybrid,4th gen L32/U32
Toyota,Avalon Hybrid,5th gen XX50
Toyota,Avalon Hybrid,4th gen XX40
Harley-Davidson,Electra Glide,
GMC,HUMMER EV SUV,-
INFINITI,G Convertible,V36
Plymouth,Grand Voyager,3rd gen
Porsche,Cayenne Coupe,958
McLaren,Artura Spider,-
GMC,Sierra 2500HD,5th gen
GMC,Sierra 3500HD,5th Gen
Honda,Accord Hybrid,10th Gen
Honda,Accord Hybrid,11th Gen
Buick,Estate Wagon,3rd gen
Aston Martin,V12 Vanquish,-
Cadillac,Escalade ESV,5th gen
Cadillac,Escalade ESV,4th gen
Cadillac,Escalade ESV,3rd gen
Cadillac,Escalade ESV,2nd gen
Cadillac,Escalade EXT,3rd gen
Cadillac,Escalade EXT,2nd gen
Audi,Q5 Sportback,80A
Audi,RS e-tron GT,-
Chevrolet,City Express,-
Chevrolet,Tahoe Hybrid,3rd gen
Ferrari,430 Scuderia,-
Ferrari,California T,-
Ferrari,Superamerica,-
Ford,Bronco Sport,-
Ford,C-Max Energi,-
Ford,C-Max Hybrid,-
Ford,E-Series Van,4th gen
Ford,Five Hundred,-
Ford,Shelby GT350,6th gen
Ford,Shelby GT500,6th gen
Ford,Shelby GT500,5th gen
GMC,Safari Cargo,2nd gen
GMC,Safari Cargo,1st gen
GMC,Savana Cargo,2nd gen
GMC,Savana Cargo,1st gen
GMC,Yukon Hybrid,4th gen
Hyundai,Ioniq Hybrid,-
Jeep,Wrangler 4xe,JL
Maserati,Quattroporte,VI
Maserati,Quattroporte,V
Mazda,Mazdaspeed 3,2nd gen
Mazda,Mazdaspeed 3,1st gen
Mazda,Mazdaspeed 6,1st gen
McLaren,600LT Spider,-
McLaren,675LT Spider,-
McLaren,765LT Spider,-
Mercury,Milan Hybrid,-
MINI,Cooper Coupe,R58
Nissan,NV Passenger,-
Nissan,Rogue Select,1st gen
Oldsmobile,Eighty-Eight,10th gen
Oldsmobile,Ninety-Eight,11th gen
Oldsmobile,Ninety-Eight,10th gen
Ram,1500 Classic,4th gen
Subaru,XV Crosstrek,4th gen - GP/GJ
Suzuki,Grand Vitara,2nd gen
Suzuki,Grand Vitara,1st gen
Toyota,Camry Hybrid,XV60
Toyota,Camry Hybrid,XV50
Toyota,Camry Hybrid,XV40
Toyota,Camry Solara,2nd gen
Toyota,Camry Solara,1st gen
Toyota,Land Cruiser,FJ140
Toyota,Land Cruiser,FJ100
Toyota,Land Cruiser,FJ80
Volkswagen,Jetta Hybrid,A6 Typ 1B
Volvo,C40 Recharge,-
Mazda,Mazdaspeed 3,2nd gen BL
Mazda,Mazdaspeed 3,1st gen BK
Mazda,Mazdaspeed 6,1st gen GG1
Nissan,Rogue Select,1st gen S35
Subaru,XV Crosstrek,4th gen GP/GJ
Suzuki,Grand Vitara,3rd gen JT
Suzuki,Grand Vitara,2nd gen FT/GT
Toyota,Camry Hybrid,8th gen XV60
Toyota,Camry Hybrid,7th gen XV50
Toyota,Camry Hybrid,6th gen XV40
Toyota,Camry Solara,2nd gen XV30
Toyota,Camry Solara,1st gen XV20
Ford,F-150 Raptor,1st gen
Ford,F-150 Raptor,2nd gen
Ford,F-150 Raptor,3rd gen
Harley-Davidson,Street Glide,
Bentley,Bentayga EWB,-
Chevrolet,Silverado EV,
Toyota,Land Cruiser,FJ250
Toyota,Crown Signia,-
Cadillac,ESCALADE IQL,5th gen
Chevrolet,Silverado EV,-
Buick,Park Avenue,2nd gen
Buick,Park Avenue,1st gen
Buick,Regal TourX,6th gen
Aston Martin,V12 Vantage,-
Cadillac,CTS-V Coupe,2nd gen
Cadillac,CTS-V Wagon,2nd gen
Chevrolet,Astro Cargo,2nd gen
Chevrolet,Astro Cargo,1st gen
Bentley,Continental,-
Chevrolet,Malibu Maxx,6th gen
Chevrolet,Monte Carlo,6th gen
Chevrolet,Monte Carlo,5th gen
Bentley,Flying Spur,3rd gen
Chevrolet,S-10 Blazer,-
Bentley,Flying Spur,2nd gen
Chevrolet,Trailblazer,-
Chevrolet,Trailblazer,1st gen
Bugatti,Veyron 16.4,-
Ford,Thunderbird,11th gen
Ford,Thunderbird,10th gen
Ford,Transit Van,-
GMC,Rally Wagon,3rd gen
GMC,Sierra 1500,5th gen
GMC,Sierra 1500,4th gen
GMC,Sierra 1500,3rd gen
GMC,Sierra 1500,2nd gen
GMC,Sierra 1500,1st gen
GMC,Sierra 2500,2nd gen
GMC,Sierra 2500,1st gen
GMC,Sierra 3500,2nd gen
GMC,Sierra 3500,1st gen
Honda,CR-V Hybrid,5th gen
Hyundai,Santa Fe XL,4th gen - TM
Isuzu,Rodeo Sport,2nd gen
Jeep,Wrangler JK,JK
Land Rover,Range Rover,4th gen
Land Rover,Range Rover,3rd gen
Land Rover,Range Rover,2nd gen
Land Rover,Range Rover,1st gen
Lincoln,Continental,10th gen
Lincoln,Continental,9th gen
Lincoln,Continental,8th gen
Lincoln,Navigator L,3rd gen
Maserati,GranTurismo,-
McLaren,570S Spider,-
McLaren,650S Spider,-
McLaren,675LT Coupe,-
McLaren,720S Spider,-
Mercedes-Benz,Maybach GLS,X166
Mercedes-Benz,SLR McLaren,-
Mercury,Mountaineer,3rd gen
Mercury,Mountaineer,2nd gen
Mercury,Mountaineer,1st gen
MINI,Convertible,F57
MINI,Convertible,R57 (Cabrio)
MINI,Convertible,R52 (Cabrio)
Nissan,Rogue Sport,-
Pontiac,Montana SV6,3rd gen
Pontiac,Trans Sport,2nd gen
Pontiac,Trans Sport,1st gen
Porsche,718 Boxster,982
Saab,9-3 Griffin,3rd gen
Saturn,Aura Hybrid,-
Subaru,Impreza WRX,4th gen - GP/GJ
Toyota,Prius Prime,-
Toyota,RAV4 Hybrid,XA50
Toyota,RAV4 Hybrid,XA40
Hyundai,Santa Fe XL,4th gen TM
Subaru,Impreza WRX,4th gen GP/GJ
Toyota,RAV4 Hybrid,5th gen XA50
Toyota,RAV4 Hybrid,4th gen XA40
Audi,TT Roadster,8N
Audi,TT Roadster,8J
McLaren,750S Spider,-
Cadillac,Escalade IQ,5th gen
Honda,CR-V e:FCEV,6th gen
Honda,CR-V Hybrid,6th Gen
Audi,S e-tron GT,1st gen
Land Rover,Range Rover,5th gen
MINI,Convertible,F67
Audi,S e-tron GT,-
Porsche,718 Boxster,981
Subaru,Trailseeker,-
Acura,ILX Hybrid,-
Buick,Rendezvous,-
Buick,Roadmaster,8th gen
Aston Martin,Rapide AMR,-
Aston Martin,V8 Vantage,-
Aston Martin,Vanquish S,-
Audi,A4 allroad,B9/B9.5
Audi,A6 allroad,-
Bentley,Brooklands,-
BMW,ALPINA XB7,G07
Chrysler,New Yorker,14th gen
Chrysler,New Yorker,13th gen
Chrysler,PT Cruiser,-
Dodge,Challenger,3rd gen
Dodge,Ramcharger,2nd gen
Ferrari,458 Italia,-
Ferrari,488 Spider,-
Ferrari,California,-
FIAT,124 Spider,-
Ford,Expedition,4th gen
Ford,Expedition,3rd gen
Ford,Expedition,2nd gen
Ford,Expedition,1st gen
GMC,S-15 Jimmy,-
Hyundai,Elantra GT,6th gen
Hyundai,Elantra GT,5th gen
Hyundai,Santa Cruz,-
Lamborghini,Murcielago,-
Land Rover,Freelander,-
Mazda,MX-5 Miata,4th gen ND
Mazda,MX-5 Miata,3rd gen NC
Mazda,MX-5 Miata,2nd gen NB
Mazda,MX-5 Miata,1st gen NA
McLaren,650S Coupe,-
Mercedes-Benz,SLS AMG GT,-
MINI,Countryman,F60
Nissan,Pathfinder,R53
Nissan,Pathfinder,R52
Nissan,Pathfinder,R51
Nissan,Pathfinder,R50
Nissan,Pathfinder,1st gen WD21
Nissan,Versa Note,C12
Oldsmobile,Silhouette,2nd gen
Oldsmobile,Silhouette,1st gen
Pontiac,Bonneville,10th gen
Pontiac,Bonneville,9th gen
Pontiac,Bonneville,8th gen
Pontiac,Grand Prix,7th gen
Pontiac,Grand Prix,6th gen
Pontiac,Grand Prix,5th gen
Porsche,718 Cayman,982
Porsche,918 Spyder,-
Porsche,Carrera GT,-
Saturn,VUE Hybrid,2nd gen
Subaru,B9 Tribeca,-
Toyota,Corolla iM,-
Toyota,FJ Cruiser,-
Toyota,Highlander,4th gen
Toyota,Highlander,3rd gen
Toyota,Highlander,2nd gen
Toyota,Highlander,1st gen
Toyota,MR2 Spyder,3rd gen
Toyota,RAV4 Prime,XA50
Volkswagen,New Beetle,-
Volkswagen,Rabbit GTI,Mk5
Volkswagen,Rabbit GTI,A4 Typ 1J
Nissan,Pathfinder,5th gen R53
Nissan,Pathfinder,4th gen R52
Nissan,Pathfinder,3rd gen R51
Nissan,Pathfinder,2nd gen R50
Nissan,Versa Note,2nd gen E12
Toyota,Highlander,4th gen XU70
Toyota,Highlander,3rd gen XU50
Toyota,Highlander,2nd gen XU40
Toyota,Highlander,1st gen XU20
Toyota,MR2 Spyder,3rd gen W30
Toyota,RAV4 Prime,5th gen XA50
MINI,Countryman,R60
Harley-Davidson,Road Glide,
Jeep,Wagoneer L,WS
Toyota,GR Corolla,5th gen A90
Audi,SQ8 e-tron,-
Chevrolet,Equinox EV,3rd gen
MINI,Countryman,U25
Genesis,GV80 Coupe,-
Jeep,Wagoneer S,-
Tesla,Cybertruck,-
Audi,SQ6 e-tron,-
Nissan,Kicks Play,2nd gen P16
Ford,Expedition,5th gen
Porsche,718 Cayman,981
Audi,A4 allroad,B8 - 8K
Volkswagen,Rabbit GTI,A5 Typ 1K
Buick,Encore GX,2nd gen
Cadillac,ATS Coupe,-
Cadillac,CTS Coupe,2nd gen
Cadillac,CTS Wagon,2nd gen
Cadillac,Fleetwood,2nd gen
Cadillac,Fleetwood,1st gen
Audi,Cabriolet,-
Audi,e-tron GT,-
Chevrolet,Avalanche,2nd gen
Chevrolet,Avalanche,1st gen
Audi,Q4 e-tron,-
Chevrolet,Celebrity,-
Chevrolet,Chevy Van,3rd gen
BMW,ALPINA B7,"G11, G12"
BMW,ALPINA B7,"F01, F02"
BMW,ALPINA B7,"E65, E66"
Chrysler,Crossfire,-
Dodge,Ram Cargo,3rd gen
Dodge,Ram Wagon,3rd gen
Dodge,Ram Wagon,2nd gen
Dodge,SRT Viper,5th gen
Ferrari,GTC4Lusso,-
Ferrari,Portofino,-
Ford,Bronco II,2nd gen
Ford,Excursion,-
Ford,Freestyle,-
GMC,Envoy XUV,2nd gen
GMC,HUMMER EV,-
GMC,Sierra C3,2nd gen
Honda,Civic CRX,2nd gen
Honda,Crosstour,-
Honda,Ridgeline,2nd gen
Honda,Ridgeline,1st gen
Hyundai,Entourage,-
INFINITI,G35 Sedan,V36
INFINITI,G35 Sedan,V35
INFINITI,G20 Sedan,P11
INFINITI,G20 Sedan,P10
INFINITI,G37 Coupe,V36
INFINITI,G37 Sedan,V36
INFINITI,Q60 Coupe,V36
Isuzu,VehiCROSS,-
Jaguar,XJ-Series,X351
Jaguar,XJ-Series,"X350, X359"
Jaguar,XJ-Series,"X300, X308"
Jaguar,XJ-Series,40
Jaguar,XK-Series,X150
Jaguar,XK-Series,X100
Jeep,Gladiator,JT
Karma,Revero GT,-
Kia,Telluride,-
Lamborghini,Aventador,-
Land Rover,Discovery,5th gen
Land Rover,Discovery,2nd gen
Land Rover,Discovery,1st gen
Lincoln,Blackwood,-
Lincoln,Mark VIII,-
Lincoln,Navigator,4th gen
Lincoln,Navigator,3rd gen
Lincoln,Navigator,2nd gen
Lincoln,Navigator,1st gen
Lotus,Evora 400,-
Maserati,GranSport,-
Maybach,Landaulet,-
Mercedes-Benz,CLA-Class,C118
Mercedes-Benz,CLA-Class,C117
Mercedes-Benz,CLK-Class,W209
Mercedes-Benz,CLK-Class,W208
Mercedes-Benz,CLS-Class,C257
Mercedes-Benz,CLS-Class,W218
Mercedes-Benz,CLS-Class,W219
Mercedes-Benz,GLA-Class,H247
Mercedes-Benz,GLA-Class,X156
Mercedes-Benz,GLB-Class,X247
Mercedes-Benz,GLC-Class,1st gen X253
Mercedes-Benz,GLE-Class,W167
Mercedes-Benz,GLE-Class,W166
Mercedes-Benz,GLK-Class,X204
Mercedes-Benz,GLS-Class,2nd gen X166
Mercedes-Benz,SLC-Class,R173
Mercedes-Benz,SLK-Class,R172
Mercedes-Benz,SLK-Class,R171
Mercedes-Benz,SLK-Class,R170
Mitsubishi,Mirage G4,6th gen
Mitsubishi,Outlander,4th gen
Mitsubishi,Outlander,3rd gen
Mitsubishi,Outlander,2nd gen
Mitsubishi,Outlander,1st gen
Panoz,Esperante,-
Rolls-Royce,Park Ward,-
smart,EQ fortwo,-
Subaru,Crosstrek,2nd gen GT
Subaru,Crosstrek,4th gen - GP/GJ
Volkswagen,Cabriolet,A1 Typ 17
Volkswagen,Jetta GLI,Mk7
Volkswagen,Jetta GLI,Mk6 Typ 1B
Volkswagen,Jetta GLI,Mk5 Typ 1K
Subaru,Crosstrek,1st gen GP/GJ
Jeep,Commander,XK
Harley-Davidson,Road King,
Harley-Davidson,Tri Glide,
Audi,Q8 e-tron,-
Chevrolet,Blazer EV,-
Mercedes-Benz,eSprinter,-
Volkswagen,Jetta GLI,A8
Hyundai,Elantra N,6th gen
Hyundai,IONIQ 5 N,-
INEOS,Grenadier,-
GMC,Sierra EV,-
Audi,Q6 e-tron,-
Mercedes-Benz,GLS-Class,3rd gen X167
Mercedes-Benz,GLS-Class,X166
Mitsubishi,Outlander,4th gen GM/GN/ZM
Mercedes-Benz,GLC-Class,2nd gen X254
Mercedes-Benz,GLC-Class,X205
Subaru,Crosstrek,3rd gen GU
Mercedes-Benz,GLC Coupe,X205
Mercedes-Benz,GLE Coupe,C292
Subaru,Crosstrek,5th gen
Subaru,Crosstrek,4th gen GP/GJ
Subaru,Uncharted,-
Volkswagen,Jetta GLI,A7
Volkswagen,Jetta GLI,A6 Typ 1B
Volkswagen,Jetta GLI,A5 Typ 1K
Buick,Envision,2nd gen
Buick,Envision,1st gen
Buick,LaCrosse,3rd gen
Buick,LaCrosse,2nd gen
Buick,LaCrosse,1st gen
Cadillac,Brougham,-
Aston Martin,Rapide S,-
Aston Martin,Vanquish,-
Cadillac,Eldorado,8th gen
Cadillac,Eldorado,7th gen
Cadillac,Escalade,5th gen
Cadillac,Escalade,4th gen
Cadillac,Escalade,3rd gen
Cadillac,Escalade,2nd gen
Cadillac,Escalade,1st gen
Audi,e-tron S,-
Chevrolet,Bolt EUV,-
Chevrolet,Cavalier,3rd gen
Chevrolet,Cavalier,2nd gen
Chevrolet,Colorado,2nd gen
Chevrolet,Colorado,1st gen
Chevrolet,Corvette,8th gen
Chevrolet,Corvette,7th gen
Chevrolet,Corvette,6th gen
Chevrolet,Corvette,5th gen
Chevrolet,Corvette,4th gen
Bentley,Bentayga,-
Bentley,Mulsanne,-
BMW,1 Series,"E81, E82, E87, E88"
BMW,2 Series,"F22, F87"
BMW,3 Series,G20
BMW,3 Series,"F30, F31, F80"
BMW,3 Series,"E90, E91, E92, E93"
BMW,3 Series,E46
BMW,3 Series,E36
BMW,3 Series,E30
BMW,4 Series,F36
BMW,4 Series,"F32, F33, F82, F83"
BMW,5 Series,"G30, G31, F90"
BMW,5 Series,"F10, F11"
BMW,5 Series,"E60, E61"
BMW,5 Series,E39
BMW,5 Series,E34
BMW,6 Series,"F12, F13"
BMW,6 Series,"E63, E64"
Chevrolet,Spark EV,2nd gen
BMW,7 Series,"G11, G12"
BMW,7 Series,"F01, F02"
Chevrolet,Sportvan,3rd gen
BMW,7 Series,"E65, E66"
BMW,7 Series,E38
BMW,7 Series,E32
BMW,8 Series,"G14, G15, G16"
Chevrolet,Suburban,11th gen
BMW,8 Series,E31
Chevrolet,Suburban,10th gen
Chevrolet,Suburban,9th gen
GMC,Suburban,8th gen
GMC,Suburban,7th gen
Chevrolet,Traverse,2nd gen
Chevrolet,Traverse,1st gen
Chevrolet,Uplander,-
Chrysler,Concorde,2nd gen
Chrysler,Concorde,1st gen
Chrysler,Imperial,-
Chrysler,Le Baron,1st gen
Chrysler,Le Baron,3rd gen
Chrysler,Pacifica,-
Chrysler,Pacifica,1st gen
Dodge,Intrepid,2nd gen
Dodge,Intrepid,1st gen
Mercedes-Benz,Sprinter,2nd gen
Dodge,Sprinter,1st gen
Ford,Aerostar,-
Ford,EcoSport,-
Ford,Explorer,6th gen
Ford,Explorer,5th gen
Ford,Explorer,4th gen
Ford,Explorer,3rd gen
Ford,Explorer,2nd gen
Ford,Explorer,1st gen
Ford,Maverick,-
Ford,Freestar,-
Ford,Taurus X,-
Ford,Windstar,2nd gen
Ford,Windstar,1st gen
GMC,Envoy XL,2nd gen
GMC,Yukon XL,5th gen
GMC,Yukon XL,4th gen
GMC,Yukon XL,3rd gen
Honda,Passport,3rd gen
Honda,Passport,2nd gen
Honda,Passport,1st gen
HUMMER,H1 Alpha,-
Hyundai,Palisade,-
Hyundai,Santa Fe,4th gen - TM
Hyundai,Santa Fe,"3rd gen - DM, NC"
Hyundai,Santa Fe,2nd gen - CM
Hyundai,Santa Fe,1st gen - SM
Hyundai,Veloster,2nd gen
Hyundai,Veloster,1st gen
Hyundai,Veracruz,-
Isuzu,Ascender,-
Isuzu,i-Series,-
Jeep,Cherokee,KL
Jeep,Cherokee,XJ facelift
Jeep,Cherokee,XJ
Jeep,Comanche,MJ
Jeep,Renegade,BU
Jeep,Wagoneer,WS
Jeep,Wagoneer,YJ
Jeep,Wrangler,JL
Jeep,Wrangler,JK
Jeep,Wrangler,TJ
Jeep,Wrangler,YJ
Kia,Carnival,-
Kia,Sportage,4th gen
Kia,Sportage,3rd gen
Kia,Sportage,2nd gen
Kia,Sportage,1st gen
Lamborghini,Gallardo,-
Lamborghini,Reventon,-
Land Rover,Defender,-
Lincoln,Mark VII,-
Lincoln,Nautilus,2nd gen
Lincoln,Town Car,3rd gen
Lincoln,Town Car,2nd gen
Lotus,Evora GT,-
Mazda,Millenia,-
Mazda,Protege5,6th gen BJ
Mercedes-Benz,CL-Class,W216
Mercedes-Benz,CL-Class,W215
Mercedes-Benz,CL-Class,W140
Mercedes-Benz,GL-Class,X166
Mercedes-Benz,GL-Class,X164
Mercedes-Benz,SL-Class,R231
Mercedes-Benz,SL-Class,R230
Mercedes-Benz,SL-Class,R129
Mercedes-Benz,Sprinter,3rd gen
Mercury,Marauder,4th gen
Mercury,Monterey,-
Mercury,Mystique,-
Mercury,Villager,2nd gen
Mercury,Villager,1st gen
Mitsubishi,Diamante,2nd gen
Mitsubishi,Diamante,1st gen
Mitsubishi,Endeavor,-
Mitsubishi,Vanwagon,-
Nissan,Frontier,3rd gen
Nissan,Frontier,2nd gen
Nissan,Frontier,1st gen
Nissan,NV Cargo,-
Nissan,Titan XD,2nd gen
Oldsmobile,Intrigue,-
Oldsmobile,Toronado,4th gen
Plymouth,Sundance,-
Pontiac,Firebird,4th gen
Pontiac,Firebird,3rd gen
Pontiac,Grand Am,5th gen
Pontiac,Grand Am,4th gen
Pontiac,Grand Am,3rd gen
Pontiac,Solstice,-
Porsche,Panamera,971
Porsche,Panamera,970
Rolls-Royce,Corniche,-
Rolls-Royce,Cullinan,-
Saturn,L-Series,-
Saturn,S-Series,2nd gen
Saturn,S-Series,1st gen
Subaru,Forester,5th gen - SK
Subaru,Forester,4th gen - SJ
Subaru,Forester,3rd gen - SH
Subaru,Forester,2nd gen - SG
Subaru,Forester,1st gen - SF
Subaru,Solterra,-
Suzuki,Sidekick,-
Tesla,Roadster,-
Toyota,Cressida,X80
Toyota,GR Supra,A90
Toyota,Yaris iA,-
Volkswagen,Golf GTI,Mk8/8.5
Volkswagen,Golf GTI,Mk7/7.5
Volkswagen,Golf GTI,Mk6
Volkswagen,Golf GTI,Mk4
Volkswagen,Golf GTI,Mk3
Volkswagen,Golf GTI,Mk2
Volkswagen,Golf R32,Mk4
BMW,2 Series,"G42, G87"
BMW,4 Series,"G22, G23, G26"
BMW,7 Series,G70
Hyundai,Santa Fe,4th gen TM
Hyundai,Santa Fe,"3rd gen DM, NC"
Hyundai,Santa Fe,2nd gen CM
Hyundai,Santa Fe,1st gen SM
Hyundai,Veloster,2nd gen JS
Hyundai,Veloster,1st gen FS
Kia,Sportage,5th gen NQ5
Kia,Sportage,4th gen QL
Kia,Sportage,3rd gen SL
Kia,Sportage,2nd gen SE
Kia,Sportage,1st gen JA
Mercedes-Benz,SL-Class,R232
Nissan,Frontier,3rd gen D41
Nissan,Frontier,2nd gen D40
Nissan,Frontier,1st gen D22
Nissan,Titan XD,2nd gen A61
Subaru,Forester,5th gen SK
Subaru,Forester,4th gen SJ
Subaru,Forester,3rd gen SH
Subaru,Forester,2nd gen SG
Subaru,Forester,1st gen SF
Suzuki,Sidekick,1st gen ET/TA
Toyota,Cressida,6th gen X80
Toyota,GR Supra,5th gen A90
BMW,K1600GTL,
BMW,2 Series,F23
Honda,Goldwing,GL1800
Honda,Goldwing,F6B
BMW,2 Series,"F22, F23, F87"
BMW,5 Series,"G60, G61, G90"
BMW,8 Series,"G14, G15"
Chevrolet,Suburban,8th gen
Chevrolet,Suburban,7th gen
Dodge,Sprinter,2nd gen
Chevrolet,Colorado,3rd gen
Chevrolet,Traverse,3rd gen
Honda,Prologue,-
Lincoln,Nautilus,1st gen
Subaru,Forester,6th Gen SL
Volkswagen,ID. Buzz,-
Honda,Passport,4th Gen
BMW,5 Series,"G60, G61"
Lincoln,Nautilus,3rd gen
Porsche,Panamera,976
BMW,2 Series,G42
BMW,XM Label,G07
BMW,5 Series,"G30, G31"
Volkswagen,Golf GTI,A8
Volkswagen,Golf GTI,A7 Typ 5G
Volkswagen,Golf GTI,A6 Typ 5K
Volkswagen,Golf GTI,A4 Typ 1J
Volkswagen,Golf GTI,A3 Typ 1H
Volkswagen,Golf GTI,A2 Typ 1G
Volkswagen,Golf R32,A4 Typ 1J
Buick,Enclave,2nd gen
Buick,Enclave,1st gen
Acura,Integra,5th gen
Acura,Integra,3rd gen
Acura,Integra,2nd gen
Buick,LeSabre,8th gen
Buick,LeSabre,7th gen
Buick,LeSabre,6th gen
Buick,Lucerne,-
Buick,Rainier,-
Buick,Riviera,8th gen
Buick,Riviera,7th gen
Buick,Skylark,7th gen
Buick,Skylark,6th gen
Buick,Terraza,-
Cadillac,Allante,-
Alfa Romeo,Stelvio,-
Aston Martin,Vantage,-
Cadillac,DeVille,8th gen
Cadillac,DeVille,7th gen
Cadillac,DeVille,6th gen
Cadillac,Seville,5th gen
Cadillac,Seville,4th gen
Cadillac,Seville,3rd gen
Audi,allroad,C7 - 4G
Chevrolet,Beretta,-
Chevrolet,Bolt EV,1st gen
Chevrolet,Caprice,4th gen
Chevrolet,Caprice,3rd gen
Chevrolet,Classic,-
Chevrolet,Corsica,-
Chevrolet,Equinox,3rd gen
Chevrolet,Equinox,2nd gen
Chevrolet,Equinox,1st gen
Chevrolet,Express,-
Chevrolet,Tracker,2nd gen
Chevrolet,Tracker,1st gen
Chevrolet,Venture,-
Buick,Cascada,-
Buick,Century,6th gen
Buick,Century,5th gen
Buick,Electra,6th gen
Chrysler,Prowler,-
Chrysler,Sebring,3rd gen
Chrysler,Sebring,2nd gen
Chrysler,Sebring,1st gen
Chrysler,Voyager,-
Chrysler,Voyager,4th gen
Chrysler,Voyager,3rd gen
Daewoo,Leganza,-
Dodge,Avenger,2nd gen
Dodge,Avenger,1st gen
Dodge,Caliber,-
Dodge,Caravan,4th gen
Dodge,Caravan,3rd gen
Dodge,Caravan,2nd gen
Dodge,Caravan,1st gen
Dodge,Charger,3rd gen
Dodge,Charger,2nd gen
Dodge,Charger,1st gen
Dodge,Daytona,-
Dodge,Durango,3rd gen
Dodge,Durango,2nd gen
Dodge,Durango,1st gen
Dodge,Dynasty,-
Dodge,Journey,-
Dodge,RAM 150,1st gen
Dodge,RAM 250,1st gen
Dodge,RAM 350,1st gen
Dodge,Ram Van,3rd gen
Dodge,Ram Van,2nd gen
Dodge,Stealth,-
Dodge,Stratus,2nd gen
Dodge,Stratus,1st gen
Eagle,Premier,-
Ferrari,488 GTB,-
Ford,Contour,-
Ford,Festiva,-
Ford,Mustang,6th gen
Ford,Mustang,5th gen
Ford,Mustang,4th gen
Ford,Mustang,3rd gen
GMC,Syclone,-
GMC,Terrain,2nd gen
GMC,Terrain,1st gen
GMC,Typhoon,-
GMC,Vandura,-
Honda,Clarity,-
Honda,Element,-
Honda,Insight,3rd gen
Honda,Insight,2nd gen
Honda,Insight,1st gen
Honda,Odyssey,5th gen
Honda,Odyssey,4th gen
Honda,Odyssey,3rd gen
Honda,Odyssey,2nd gen
Honda,Odyssey,1st gen
Honda,Prelude,5th gen
Honda,Prelude,4th gen
Honda,Prelude,3rd gen
Hyundai,Elantra,6th gen
Hyundai,Elantra,5th gen
Hyundai,Elantra,4th gen
Hyundai,Elantra,3rd gen
Hyundai,Elantra,2nd gen
Hyundai,Elantra,1st gen
Hyundai,Genesis,2nd gen
Hyundai,Genesis,1st gen
Hyundai,IONIQ 5,-
Hyundai,Tiburon,2nd gen
Hyundai,Tiburon,1st gen
Isuzu,Impulse,2nd gen
Isuzu,Trooper,2nd gen
Isuzu,Trooper,1st gen
Jeep,Compass,MP/552
Jeep,Compass,MK49
Jeep,Liberty,KK
Jeep,Liberty,KJ
Jeep,Patriot,MK74
Kia,Borrego,-
Kia,Cadenza,-
Kia,Niro EV,-
Kia,Sorento,3rd gen
Kia,Sorento,2nd gen
Kia,Sorento,1st gen
Kia,Soul EV,2nd gen
Kia,Spectra,2nd gen
Kia,Spectra,1st gen
Kia,Stinger,-
Lamborghini,Huracan,-
Lincoln,Aviator,-
Lincoln,Corsair,-
Lincoln,Mark LT,-
Maserati,Levante,-
Mazda,Protege,6th gen BJ
Mazda,Protege,5th gen BH
Mazda,Protege,4th gen BG
Mazda,Tribute,2nd gen
Mazda,Tribute,1st gen
McLaren,MP4-12C,-
Mercedes-Benz,A-Class,W177
Mercedes-Benz,C-Class,W205
Mercedes-Benz,C-Class,W204
Mercedes-Benz,C-Class,W203
Mercedes-Benz,C-Class,W202
Mercedes-Benz,E-Class,W213
Mercedes-Benz,E-Class,W212
Mercedes-Benz,E-Class,W211
Mercedes-Benz,E-Class,W210
Mercedes-Benz,E-Class,W124
Mercedes-Benz,G-Class,W463A
Mercedes-Benz,G-Class,"W461, W462, W463"
Mercedes-Benz,Maybach,-
Mercedes-Benz,M-Class,W166
Mercedes-Benz,M-Class,W164
Mercedes-Benz,M-Class,W163
Mercedes-Benz,R-Class,W251
Mercedes-Benz,S-Class,W223
Mercedes-Benz,S-Class,W222
Mercedes-Benz,S-Class,W221
Mercedes-Benz,S-Class,W220
Mercedes-Benz,S-Class,W140
Mercedes-Benz,SLS AMG,-
Mercury,Mariner,2nd gen
Mercury,Mariner,1st gen
Mercury,Montego,-
MINI,Clubman,F54
Mitsubishi,Eclipse,4th gen
Mitsubishi,Eclipse,3rd gen
Mitsubishi,Eclipse,2nd gen
Mitsubishi,Eclipse,1st gen
Mitsubishi,Montero,3rd gen
Mitsubishi,Montero,2nd gen
Mitsubishi,Montero,1st gen
Oldsmobile,Achieva,-
Oldsmobile,Bravada,3rd gen
Oldsmobile,Bravada,2nd gen
Oldsmobile,Bravada,1st gen
Oldsmobile,Cutlass,?
Oldsmobile,Regency,10th gen
Plymouth,Acclaim,-
Plymouth,Horizon,-
Plymouth,Voyager,2nd gen
Plymouth,Voyager,1st gen
Pontiac,Le Mans,6th gen
Pontiac,Montana,2nd gen
Pontiac,Sunbird,3rd gen
Pontiac,Sunfire,-
Pontiac,Torrent,-
Porsche,Boxster,981
Porsche,Boxster,987
Porsche,Boxster,986
Porsche,Cayenne,9YA
Porsche,Cayenne,957
Porsche,Cayenne,955
Rolls-Royce,Phantom,-
Saturn,Outlook,-
Subaru,Impreza,5th gen
Subaru,Impreza,4th gen - GP/GJ
Subaru,Impreza,3rd gen - GE/GH/GR
Subaru,Impreza,2nd gen - GD/GG
Subaru,Impreza,1st gen - GC/GF/GM
Subaru,Outback,7th gen - BT
Subaru,Outback,"6th gen - BN, BS"
Subaru,Outback,"5th gen - BM, BR"
Subaru,Outback,4th gen - BL/BP
Subaru,Outback,3rd gen - BE/BF
Subaru,Tribeca,-
Suzuki,Equator,-
Suzuki,Forenza,-
Suzuki,Kizashi,-
Suzuki,Samurai,-
Tesla,Model 3,-
Tesla,Model S,-
Tesla,Model X,-
Tesla,Model Y,1st Gen
Toyota,4Runner,5th gen
Toyota,4Runner,4th gen
Toyota,4Runner,3rd gen
Toyota,4Runner,2nd gen
Toyota,Corolla,E210
Toyota,Corolla,E160
Toyota,Corolla,E140
Toyota,Corolla,E120
Toyota,Corolla,E110
Toyota,Corolla,E100
Toyota,Corolla,E90
Toyota,Prius c,-
Toyota,Prius v,-
Toyota,RAV4 EV,XA30
Toyota,Sequoia,2nd gen
Toyota,Sequoia,1st gen
Toyota,Sequoia,XA50
Volkswagen,Corrado,-
Volkswagen,EuroVan,-
Volkswagen,Phaeton,-
Volkswagen,Touareg,2nd gen
Volkswagen,Touareg,1st gen
Volkswagen,Vanagon,-
Hyundai,Genesis,2nd gen DH
Hyundai,Genesis,1st gen BH
Hyundai,Tiburon,2nd gen GK
Hyundai,Tiburon,1st gen RD
Kia,Sorento,4th gen MQ4
Kia,Sorento,3rd gen UM
Kia,Sorento,2nd gen XM
Kia,Sorento,1st gen BL
Kia,Soul EV,2nd gen PS
Mazda,Tribute,1st gen EP
Mercedes-Benz,EQS SUV,-
Subaru,Impreza,4th gen GP/GJ
Subaru,Impreza,3rd gen GE/GH/GR
Subaru,Impreza,2nd gen GD/GG
Subaru,Impreza,1st gen GC/GF/GM
Subaru,Outback,6th gen BT
Subaru,Outback,"5th gen BN, BS"
Subaru,Outback,"4th gen BM, BR"
Subaru,Outback,3rd gen BL/BP
Subaru,Outback,2nd gen BE/BF
Toyota,4Runner,5th gen N280
Toyota,4Runner,4th gen N210
Toyota,4Runner,3rd gen N180
Toyota,4Runner,2nd gen N120/N130
Toyota,Corolla,12th gen E210
Toyota,Corolla,11th gen E160
Toyota,Corolla,10th gen E140
Toyota,Corolla,9th gen E120
Toyota,Corolla,8th gen E110
Toyota,Corolla,7th gen E100
Toyota,Corolla,6th gen E90
Toyota,RAV4 EV,3rd gen XA30
Toyota,Sequoia,2nd gen XK60
Toyota,Sequoia,1st gen XK30/XK40
Toyota,Sequoia,3rd gen XK80
MINI,Clubman,R55
MINI,Paceman,R61
Porsche,Cayenne,958
BMW,K1600GT,
Mercedes-Benz,C-Class,W206
Maserati,Grecale,
Buick,Envista,-
Geo,Tracker,1st gen
Hyundai,IONIQ 6,-
INFINITI,G Coupe,V36
INFINITI,G Sedan,V36
Mercedes-Benz,EQE SUV,X294
Plymouth,Prowler,-
Plymouth,Voyager,3rd gen
Ford,Mustang,7th gen
Acura,Integra,"4th gen DE4, DE5"
Mercedes-Benz,E-Class,W214
Rolls-Royce,Spectre,-
Subaru,Impreza,"5th gen GK, GT"
Subaru,Impreza,6th gen GU
Mercedes-Benz,E-Class,W214
Maserati,Grecale,-
Tesla,Model Y,Juniper
Chevrolet,Equinox,4th gen
Buick,Enclave,3rd gen
GMC,Terrain,3rd gen
Hyundai,IONIQ 9,-
Tesla,Model Y,-
Toyota,4Runner,6th gen N380
Tesla,Model 3,Highland
Subaru,Outback,7th gen BU
Subaru,Outback,7th gen BT
Subaru,Outback,"6th gen BN, BS"
Subaru,Outback,"5th gen BM, BR"
Subaru,Outback,4th gen BL/BP
Subaru,Outback,3rd gen BE/BF
Lucid,Gravity,-
Honda,Prelude,6th gen
Mercedes-Benz,G-Class,W465
Mercedes-Benz,G-Class,W463 2nd gen
Chevrolet,Bolt EV,2nd gen
Buick,Encore,2nd gen
Buick,Encore,1st gen
Acura,Legend,2nd gen
Acura,Legend,1st gen
Buick,Reatta,-
Buick,Verano,-
Alfa Romeo,Giulia,-
AM General,Hummer,-
Cadillac,Catera,-
Aston Martin,DB9 GT,-
Aston Martin,Rapide,-
Aston Martin,Virage,-
Audi,e-tron,-
Chevrolet,Blazer,-
Chevrolet,Blazer,2nd gen
Chevrolet,Blazer,1st gen
Chevrolet,Blazer,K5
Chevrolet,Camaro,6th gen
Chevrolet,Camaro,5th gen
Chevrolet,Camaro,4th gen
Chevrolet,Camaro,3rd gen
Chevrolet,Cobalt,-
Chevrolet,Impala,10th gen
Chevrolet,Impala,9th gen
Chevrolet,Impala,8th gen
Chevrolet,Impala,7th gen
Chevrolet,Lumina,2nd gen
Chevrolet,Lumina,1st gen
Bentley,Arnage,-
Chevrolet,Malibu,9th gen
Chevrolet,Malibu,8th gen
Chevrolet,Malibu,7th gen
Chevrolet,Malibu,6th gen
Chevrolet,Malibu,5th gen
BMW,Alpina,?
Chrysler,Cirrus,-
Daewoo,Nubira,-
Dodge,Dakota,3rd gen
Dodge,Dakota,2nd gen
Dodge,Dakota,1st gen
Dodge,Magnum,-
Dodge,Monaco,5th gen
Dodge,Shadow,-
Dodge,Spirit,-
Eagle,Summit,-
Eagle,Vision,-
Ford,Aspire,-
Ford,Bronco,6th gen
Ford,Bronco,5th gen
Ford,Bronco,4th gen
Ford,Escape,4th gen
Ford,Escape,3rd gen
Ford,Escape,2nd gen
Ford,Escape,1st gen
Ford,Escort,3rd gen
Ford,Escort,2nd gen
Ford,Escort,1st gen
Ford,Fiesta,-
Ford,Fusion,2nd gen
Ford,Fusion,1st gen
Ford,Ranger,3rd gen
Ford,Ranger,2nd gen
Ford,Ranger,1st gen
Ford,Taurus,6th gen
Ford,Taurus,5th gen
Ford,Taurus,4th gen
Ford,Taurus,3rd gen
Ford,Taurus,2nd gen
Ford,Taurus,1st gen
GMC,Acadia,2nd gen
GMC,Acadia,1st gen
GMC,Canyon,3rd gen
GMC,Canyon,1st gen
GMC,Safari,2nd gen
GMC,Safari,1st gen
GMC,Savana,2nd gen
GMC,Savana,1st gen
GMC,Sonoma,2nd gen
GMC,Sonoma,1st gen
Honda,Accord,10th gen
Honda,Accord,9th gen
Honda,Accord,8th gen
Honda,Accord,7th gen
Honda,Accord,6th gen
Honda,Accord,5th gen
Honda,Accord,4th gen
Honda,Fit EV,2nd gen
HUMMER,H2 SUT,-
Hyundai,Accent,5th gen
Hyundai,Accent,4th gen - RB
Hyundai,Accent,3rd gen - MC
Hyundai,Accent,2nd gen - LC
Hyundai,Accent,1st gen - X3
Hyundai,Scoupe,-
Hyundai,Sonata,8th gen
Hyundai,Sonata,7th gen
Hyundai,Sonata,6th gen
Hyundai,Sonata,5th gen
Hyundai,Sonata,4th gen
Hyundai,Sonata,3rd gen
Hyundai,Sonata,2nd gen
Hyundai,Tucson,4th gen NX4
Hyundai,Tucson,3rd gen TL
Hyundai,Tucson,2nd gen LM
Hyundai,Tucson,1st gen JM
Isuzu,Hombre,-
Isuzu,Pickup,-
Isuzu,Stylus,3rd gen
Jaguar,E-PACE,-
Jaguar,F-PACE,-
Jaguar,F-TYPE,-
Jaguar,I-PACE,-
Jaguar,S-Type,-
Jaguar,X-Type,-
Kia,Amanti,-
Kia,Optima,4th gen
Kia,Optima,3rd gen
Kia,Optima,2nd gen
Kia,Optima,1st gen
Kia,Sedona,3rd gen
Kia,Sedona,2nd gen
Kia,Sedona,1st gen
Kia,Seltos,-
Kia,Sephia,2nd gen
Kia,Sephia,1st gen
Lamborghini,Diablo,-
Lincoln,Zephyr,1st gen
Lotus,Esprit,-
Maserati,Ghibli,-
Maserati,Spyder,-
Mazda,Navajo,-
McLaren,Artura,-
Mercedes-Benz,AMG GT,-
Mercedes-Benz,Metris,-
Mercury,Cougar,8th gen
Mercury,Cougar,7th gen
Mercury,Tracer,3rd gen
Mercury,Tracer,2nd gen
MINI,Cooper,F55
MINI,Cooper,R56
MINI,Cooper,R50
Mitsubishi,3000GT,-
Mitsubishi,Galant,9th gen
Mitsubishi,Galant,8th gen
Mitsubishi,Galant,7th gen
Mitsubishi,Galant,6th gen
Mitsubishi,i-MiEV,-
Mitsubishi,Lancer,8th gen
Mitsubishi,Lancer,7th gen
Mitsubishi,Mirage,6th gen
Mitsubishi,Mirage,4th gen
Mitsubishi,Mirage,3rd gen
Mitsubishi,Mirage,2nd gen
Mitsubishi,Precis,-
Mitsubishi,Raider,-
Nissan,Altima,L33
Nissan,Altima,L32/U32
Nissan,Altima,L31
Nissan,Altima,L30
Nissan,Altima,U13
Nissan,Armada,2nd gen
Nissan,Armada,1st gen
Nissan,Axxess,-
Nissan,Maxima,A36
Nissan,Maxima,A35
Nissan,Maxima,A34
Nissan,Maxima,A33
Nissan,Maxima,A32
Nissan,Maxima,J30
Nissan,Murano,3rd gen
Nissan,Murano,2nd gen
Nissan,Murano,1st gen
Nissan,Pulsar,N13
Nissan,Sentra,B18
Nissan,Sentra,B17
Nissan,Sentra,B16
Nissan,Sentra,B15
Nissan,Sentra,B14
Nissan,Sentra,B13
Nissan,Sentra,B12
Nissan,Stanza,U12
Nissan,Xterra,2nd gen
Nissan,Xterra,1st gen
Oldsmobile,Aurora,2nd gen
Oldsmobile,Aurora,1st gen
Plymouth,Breeze,-
Porsche,Cayman,981
Porsche,Cayman,987
Porsche,Taycan,9J1
Ram,Dakota,-
Rolls-Royce,Wraith,-
smart,fortwo,-
Subaru,Ascent,-
Subaru,Legacy,7th gen - BT
Subaru,Legacy,"6th gen - BN, BS"
Subaru,Legacy,"5th gen - BM, BR"
Subaru,Legacy,4th gen - BL/BP
Subaru,Legacy,3rd gen - BE/BF
Subaru,Legacy,2nd gen - BD/BG/BK
Subaru,Legacy,1st gen - BC/BF/BJ
Subaru,Loyale,3rd gen
Suzuki,Esteem,-
Suzuki,Verona,-
Suzuki,Vitara,-
Toyota,Avalon,XX40
Toyota,Avalon,XX30
Toyota,Avalon,XX20
Toyota,Avalon,XX10
Toyota,Celica,7th gen
Toyota,Celica,6th gen
Toyota,Celica,5th gen
Toyota,Matrix,E140
Toyota,Matrix,E130
Toyota,Pickup,5th gen
Toyota,Previa,-
Toyota,Sienna,3rd gen
Toyota,Sienna,2nd gen
Toyota,Sienna,1st gen
Toyota,Tacoma,3rd gen
Toyota,Tacoma,2nd gen
Toyota,Tacoma,1st gen
Toyota,Tercel,5th gen
Toyota,Tercel,4th gen
Toyota,Tercel,3rd gen
Toyota,Tundra,3rd gen
Toyota,Tundra,2nd gen
Toyota,Tundra,1st gen
Volkswagen,Arteon,-
Volkswagen,Beetle,-
Volkswagen,Cabrio,A3 Typ 1H
Volkswagen,e-Golf,A7 Typ 5G
Volkswagen,Golf R,Mk8/Mk8.5
Volkswagen,Golf R,Mk7/7.5
Volkswagen,Golf R,Mk6
Volkswagen,Passat,NMS
Volkswagen,Passat,B6
Volkswagen,Passat,B5
Volkswagen,Passat,B4
Volkswagen,Passat,B3
Volkswagen,Rabbit,A5 Typ 1K
Volkswagen,Routan,-
Volkswagen,Tiguan,2nd gen
Volkswagen,Tiguan,1st gen
Hyundai,Accent,5th gen HC/YC
Hyundai,Accent,4th gen RB/RC
Hyundai,Accent,3rd gen MC
Hyundai,Accent,2nd gen LC
Hyundai,Accent,1st gen X3
Hyundai,Scoupe,SLC
Hyundai,Sonata,8th gen DN8
Hyundai,Sonata,7th gen LF
Hyundai,Sonata,6th gen YF
Hyundai,Sonata,5th gen NF
Hyundai,Sonata,4th gen EF
Hyundai,Sonata,3rd gen Y3
Hyundai,Sonata,2nd gen Y2
Kia,Optima,4th gen JF
Kia,Optima,3rd gen TF
Kia,Optima,2nd gen MG
Kia,Optima,1st gen MS
Kia,Sedona,3rd gen YP
Kia,Sedona,2nd gen VQ
Kia,Sedona,1st gen KV-II
Lexus,RX 350,AL20
Nissan,Altima,6th gen L34
Nissan,Altima,5th gen L33
Nissan,Altima,4th gen L32/U32
Nissan,Altima,3rd gen L31
Nissan,Altima,2nd gen L30
Nissan,Altima,1st gen U13
Nissan,Armada,2nd gen Y62
Nissan,Armada,1st gen TA60
Nissan,Maxima,8th gen A36
Nissan,Maxima,7th gen A35
Nissan,Maxima,6th gen A34
Nissan,Maxima,5th gen A33
Nissan,Maxima,4th gen A32
Nissan,Maxima,3rd gen J30
Nissan,Sentra,8th gen B18
Nissan,Sentra,7th gen B17
Nissan,Sentra,6th gen B16
Nissan,Sentra,5th gen B15
Nissan,Sentra,4th gen B14
Nissan,Sentra,3rd gen B13
Nissan,Sentra,2nd gen B12
Nissan,Xterra,2nd gen W50
Nissan,Xterra,1st gen W22
Subaru,Legacy,7th gen BT
Subaru,Legacy,"6th gen BN, BS"
Subaru,Legacy,"5th gen BM, BR"
Subaru,Legacy,4th gen BL/BP
Subaru,Legacy,3rd gen BE/BF
Subaru,Legacy,2nd gen BD/BG/BK
Subaru,Legacy,1st gen BC/BF/BJ
Suzuki,Vitara,2nd gen FT/GT
Toyota,Avalon,5th gen XX50
Toyota,Avalon,4th gen XX40
Toyota,Avalon,3rd gen XX30
Toyota,Avalon,2nd gen XX20
Toyota,Avalon,1st gen XX10
Toyota,Celica,7th gen T230
Toyota,Celica,6th gen T200
Toyota,Celica,5th gen T180
Toyota,Matrix,2nd gen E140
Toyota,Matrix,1st gen E130
Toyota,Pickup,"5th gen N80, N90, N100, N110"
Toyota,Sienna,4th gen XL40
Toyota,Sienna,3th gen XL30
Toyota,Sienna,2nd gen XL20
Toyota,Sienna,1st gen XL10
Toyota,Tacoma,"3rd gen, N300"
Toyota,Tacoma,"2nd gen, N220, N240, N250, N260, N270"
Toyota,Tacoma,"1st gen N140, N150, N160, N170, N190"
Toyota,Tercel,5th gen L50
Toyota,Tercel,4th gen L40
Toyota,Tercel,3rd gen L30
Toyota,Tundra,3rd gen XK70
Toyota,Tundra,3rd gen XC50
Toyota,Tundra,2nd gen XK50
Toyota,Tundra,"1st gen XK30, XK40"
BMW,K1600B,
MINI,Cooper,F56
MINI,Cooper,R53
Dodge,Hornet,-
Alfa Romeo,Tonale,-
Aston Martin,DBX707,-
Honda,Accord,11th gen RG3
MINI,Cooper,F55/F56
MINI,Cooper,R57
MINI,Cooper,R52
MINI,Cooper,R50/R53
Toyota,Tundra,4rd gen XK70
Honda,Accord,3rd gen RG3
GMC,Acadia,3rd gen
Honda,Accord,11th gen
Mercedes-Benz,AMG GT,C190/R190/X290
MINI,Cooper,F66
MINI,Cooper,"F65, F66, F67, J01"
Toyota,Tacoma,N400
MINI,Cooper,F65
MINI,Cooper,F67
GMC,Canyon,2nd Gen
Nissan,Armada,3rd gen Y63
Ford,Ranger,5th gen
Cadillac,VISTIQ,-
Nissan,Murano,3rd gen Z52
Nissan,Murano,4th gen Z53
Toyota,Tacoma,3rd gen N300
Toyota,Tacoma,4th gen N400
Toyota,Tundra,2nd gen XC50
Volkswagen,Tiguan,3rd gen
Mercedes-Benz,AMG GT,C190/R190
Volkswagen,Golf R,A8
Ford,Ranger,4th gen
Nissan,Sentra,9th gen B19
Volkswagen,Golf R,A7 Typ 5G
Volkswagen,Golf R,A6 Typ 5K
Buick,Regal,5th gen
Buick,Regal,4th gen
Buick,Regal,3rd gen
Acura,Vigor,-
Cadillac,ATS-V,-
Cadillac,CT6-V,-
Cadillac,CTS-V,3rd gen
Cadillac,CTS-V,2nd gen
Cadillac,CTS-V,1st gen
Cadillac,LYRIQ,-
Cadillac,STS-V,-
Cadillac,XLR-V,-
Volvo,Coupe,-
Chevrolet,Astro,2nd gen
Chevrolet,Astro,1st gen
Audi,RS Q8,-
Chevrolet,Cruze,2nd gen
Chevrolet,Cruze,1st gen
Audi,TT RS,8S
Audi,TT RS,8J
Bentley,Azure,-
Chevrolet,Metro,2nd gen
Chevrolet,Prizm,3rd gen
Chevrolet,Sonic,-
Chevrolet,Spark,2nd gen
Chevrolet,Spark,1st gen
Chevrolet,Tahoe,4rd gen
Chevrolet,Tahoe,3rd gen
Chevrolet,Tahoe,2nd gen
Chevrolet,Tahoe,1st gen
Chrysler,Aspen,-
Daewoo,Lanos,-
Dodge,Nitro,-
Dodge,Viper,5th gen
Dodge,Viper,4th gen
Dodge,Viper,3rd gen
Dodge,Viper,2nd gen
Dodge,Viper,1st gen
Eagle,Talon,2nd gen
Eagle,Talon,1st gen
Fisker,Karma,-
Ford,E-150,4th gen
Ford,E-150,3rd gen
Ford,E-250,4th gen
Ford,E-350,4th gen
Ford,F-150,14th gen
Ford,F-150,13th gen
Ford,F-150,12th gen
Ford,F-150,11th gen
Ford,F-150,10th gen
Ford,F-150,9th gen
Ford,F-150,8th gen
Ford,F-250,10th gen
Ford,F-250,9th gen
Ford,F-250,8th gen
Ford,F-350,9th gen
Ford,F-350,8th gen
Ford,Focus,3rd gen
Ford,Focus,2nd gen
Ford,Focus,1st gen
Ford,Probe,2nd gen
Ford,Probe,1st gen
Ford,Tempo,2nd gen
Geo,Metro,1st gen
Geo,Prizm,2nd gen
Geo,Prizm,1st gen
Geo,Storm,-
GMC,Envoy,2nd gen
GMC,Envoy,1st gen
GMC,Jimmy,2nd gen
GMC,Jimmy,1st gen
GMC,Yukon,5th gen
GMC,Yukon,4th gen
GMC,Yukon,3rd gen
GMC,Yukon,2nd gen
Honda,Civic,11th gen
Honda,Civic,9th gen
Honda,Civic,8th gen
Honda,Civic,7th gen
Honda,Civic,6th gen
Honda,Civic,5th gen
Honda,Civic,4th gen
Honda,Pilot,3rd gen
Honda,Pilot,2nd gen
Honda,Pilot,1st gen
Honda,S2000,-
Hyundai,Azera,2nd gen
Hyundai,Azera,1st gen
Hyundai,Equus,-
Hyundai,Excel,2nd gen - X2
Hyundai,Venue,-
Hyundai,XG300,-
Hyundai,XG350,-
Isuzu,Amigo,2nd gen
Isuzu,Amigo,1st gen
Isuzu,Axiom,-
Isuzu,Oasis,-
Isuzu,Rodeo,2nd gen
Isuzu,Rodeo,1st gen
Kia,Forte,3rd gen
Kia,Forte,2nd gen
Kia,Forte,1st gen
Kia,Rondo,1st gen
Lotus,Elise,Series 2
Lotus,Evora,-
Lotus,Exige,Series 2
Mazda,CX-30,-
Mazda,CX-50,-
Mazda,MX-30,-
Mazda,Truck,rebadged Ford Courier
McLaren,570GT,-
McLaren,600LT,-
McLaren,765LT,-
McLaren,Senna,-
Mercury,Capri,3rd gen
Mercury,Milan,-
Mercury,Sable,5th gen
Mercury,Sable,4th gen
Mercury,Sable,3rd gen
Mercury,Sable,2nd gen
Mercury,Sable,1st gen
Mercury,Topaz,2nd gen
Mitsubishi,Sigma,-
Nissan,200SX,S14
Nissan,240SX,S14
Nissan,240SX,S13
Nissan,300ZX,Z32
Nissan,Kicks,-
Nissan,NV200,-
Nissan,Quest,4th gen
Nissan,Quest,3rd gen
Nissan,Quest,2nd gen
Nissan,Quest,1st gen
Nissan,Rogue,2nd gen
Nissan,Rogue,1st gen
Nissan,Titan,2nd gen
Nissan,Titan,1st gen
Nissan,Truck,D21
Nissan,Versa,N18
Nissan,Versa,C12
Nissan,Versa,C11
Oldsmobile,Alero,-
Oldsmobile,Ciera,2nd gen
Plymouth,Laser,-
Pontiac,Aztek,-
Porsche,Macan,1st gen 95B
Rolls-Royce,Ghost,-
Saturn,Astra,-
Saturn,Relay,-
Subaru,Justy,2nd gen
Suzuki,Aerio,-
Suzuki,Swift,5th gen
Suzuki,Swift,4th gen
Suzuki,Swift,3rd gen
Suzuki,Swift,2nd gen
Toyota,Camry,XV60
Toyota,Camry,XV50
Toyota,Camry,XV40
Toyota,Camry,XV30
Toyota,Camry,XV20
Toyota,Camry,XV10
Toyota,Camry,V20
Toyota,Mirai,-
Toyota,Paseo,2nd gen
Toyota,Paseo,1st gen
Toyota,Prius,XW50
Toyota,Prius,XW30
Toyota,Prius,XW20
Toyota,Prius,XW10
Toyota,Supra,4th gen
Toyota,Supra,3rd gen
Toyota,Venza,2nd gen
Toyota,Venza,1st gen
Toyota,Yaris,-
Toyota,Yaris,3rd gen
Toyota,Yaris,2nd gen
Volkswagen,Atlas,-
Volkswagen,Jetta,A6 Typ 1B
Volkswagen,Jetta,A5 Typ 1K
Volkswagen,Jetta,A4 Typ 1J
Volkswagen,Jetta,A3 Typ 1H
Volkswagen,Jetta,A2 Typ 1G
Hyundai,Azera,2nd gen HG
Hyundai,Azera,1st gen TG
Hyundai,Equus,2nd gen VI
Hyundai,Excel,2nd gen X2
Kia,Forte,3rd gen BD
Kia,Forte,2nd gen YD
Kia,Forte,1st gen TD
Kia,Rondo,2nd gen UN
Nissan,Kicks,1st gen P15
Nissan,Quest,4th gen RE52
Nissan,Quest,3rd gen V42
Nissan,Quest,2nd gen V41
Nissan,Quest,1st gen V40
Nissan,Rogue,3rd gen T33
Nissan,Rogue,2nd gen T32
Nissan,Rogue,1st gen S35
Nissan,Titan,2nd gen A61
Nissan,Titan,1st gen A60
Nissan,Versa,3rd gen N18
Nissan,Versa,2nd gen C12
Nissan,Versa,1st gen C11
Toyota,Camry,8th gen XV60
Toyota,Camry,7th gen XV50
Toyota,Camry,6th gen XV40
Toyota,Camry,5th gen XV30
Toyota,Camry,4th gen XV20
Toyota,Camry,3rd gen XV10
Toyota,Camry,2nd gen V20
Toyota,Paseo,2nd gen L50
Toyota,Paseo,1st gen L40
Toyota,Prius,5th gen XW60
Toyota,Prius,4th gen XW50
Toyota,Prius,3rd gen XW30
Toyota,Prius,2nd gen XW20
Toyota,Prius,1st gen XW10
Toyota,Supra,4th gen A80
Toyota,Supra,3rd gen A70
Toyota,Venza,2nd gen XU80
Toyota,Venza,1st gen AV10
Toyota,Yaris,3rd gen XP130
Toyota,Yaris,2nd gen XP90
Lotus,Elise,Series 3
Lotus,Exige,Series 3
Nissan,ARIYA,-
Toyota,Crown,-
Volkswagen,Jetta,A7
Audi,Coupe,-
Geo,Metro,2nd gen
Honda,Pilot,4th gen
Lotus,Elise,-
Lotus,Exige,-
Maserati,Coupe,-
Mazda,CX-90,-
Fisker,Ocean,-
Mazda,CX-70,-
Toyota,Camry,8th gen XV70
Toyota,Camry,9th gen XV80
Honda,Civic,10th gen
Cadillac,Optiq,-
Nissan,Kicks,2nd gen P16
Porsche,Macan,2nd gen (EV)
Honda,Pilot,5th gen
Honda,Pilot,6th gen
Honda,Pilot,7th gen
Honda,Pilot,8th gen
Porsche,Macan,-
BMW,M2 CS,G42
Porsche,Macan,2nd gen
Aston Martin,DB11,-
Chevrolet,Aveo,-
Audi,RS 3,8V
Audi,RS 4,B7 - 8E
Audi,RS 5,B9 - 8W
Audi,RS 5,B8 - 8T
Audi,RS 6,C8
Audi,RS 6,C5 - 4G
Audi,RS 7,C8 - 4G9
Audi,RS 7,C7 - 4G
Chevrolet,S-10,2nd gen
Chevrolet,S-10,1st gen
Chevrolet,Trax,-
Chevrolet,Volt,2nd gen
Chevrolet,Volt,1st gen
Chrysler,300M,-
Dodge,Colt,7th gen
Dodge,Colt,6th gen
Dodge,Dart,-
Dodge,Neon,2nd gen
Dodge,Neon,1st gen
Dodge,Omni,-
Ferrari,456M,-
Ferrari,575M,-
Ferrari,Enzo,-
Ferrari,F430,-
FIAT,500e,-
FIAT,500L,-
FIAT,500X,-
Ford,Edge,2nd gen
Ford,Edge,1st gen
Ford,Flex,-
Genesis,GV60,-
Genesis,GV70,-
Genesis,GV80,-
GMC,S-15,-
Honda,CR-V,5th gen
Honda,CR-V,4th gen
Honda,CR-V,3rd gen
Honda,CR-V,2nd gen
Honda,CR-V,1st gen
Honda,CR-Z,-
Honda,HR-V,-
Hyundai,Kona,-
Hyundai,NEXO,-
INFINITI,QX30,-
INFINITI,QX50,P71A
INFINITI,QX50,J50
INFINITI,QX55,P71A
INFINITI,QX60,2nd Generation L51
INFINITI,QX70,S51
INFINITI,QX80,J62
Karma,GS-6,-
Kia,K900,-
Kia,Niro,-
Kia,Soul,3rd gen
Kia,Soul,2nd gen
Kia,Soul,1st gen
Lamborghini,Urus,-
Maserati,MC20,1st gen
Mazda,CX-3,-
Mazda,CX-5,2nd gen
Mazda,CX-5,1st gen
Mazda,CX-7,-
Mazda,CX-9,2nd gen
Mazda,CX-9,1st gen
Mazda,MX-3,-
Mazda,MX-6,2nd gen
Mazda,MX-6,1st gen
Mazda,RX-7,3rd gen FD
Mazda,RX-7,2nd gen FC
Mazda,RX-8,-
McLaren,570S,-
McLaren,720S,-
McLaren,Elva,-
Mitsubishi,Expo,-
Nissan,350Z,Z33
Nissan,370Z,Z34
Nissan,Cube,-
Nissan,GT-R,-
Nissan,Juke,-
Nissan,LEAF,2nd gen
Nissan,LEAF,1st gen
Pontiac,6000,-
Pontiac,Vibe,2nd gen
Pontiac,Vibe,1st gen
Ram,1500,5th gen
Ram,1500,4th gen
Ram,2500,5th gen
Ram,2500,4th gen
Ram,3500,5th gen
Ram,3500,4th gen
Rolls-Royce,Dawn,-
Saab,9-2X,-
Saab,9-4X,-
Saab,9-7X,-
Saab,9000,2nd gen
Saab,9000,1st gen
Saturn,Aura,-
Scion,FR-S,-
Subaru,Baja,-
Suzuki,Reno,-
Suzuki,X-90,-
Suzuki,XL-7,2nd gen
Suzuki,XL-7,1st gen
Toyota,bZ4X,-
Toyota,C-HR,-
Toyota,ECHO,1st gen
Toyota,GR86,-
Toyota,RAV4,XA50
Toyota,RAV4,XA40
Toyota,RAV4,XA30
Toyota,RAV4,XA20
Toyota,RAV4,XA10
Toyota,T100,-
Volkswagen,Golf,A7 Typ 5G
Volkswagen,Golf,A6 Typ 5K
Volkswagen,Golf,A4 Typ 1J
Volkswagen,Golf,A3 Typ 1H
Volkswagen,Golf,A2 Typ 1G
Volkswagen,ID.4,-
Volkswagen,Taos,-
Volvo,XC40,-
Volvo,XC60,2nd gen
Volvo,XC70,-
Volvo,XC90,2nd gen
Volvo,XC90,1st gen
Kia,Niro,1st gen DE
Kia,Niro,2nd gen SG2
Kia,Soul,3rd gen SK3
Kia,Soul,2nd gen PS
Kia,Soul,1st gen AM
Mazda,CX-5,2nd gen KF
Mazda,CX-5,1st gen KE
Mazda,CX-9,2nd gen TC
Mazda,CX-9,1st gen TB
Mazda,MX-6,2nd gen GE
Nissan,LEAF,2nd gen - ZE1
Nissan,LEAF,1st gen ZE0/AZE0
Toyota,ECHO,1st gen XP10
Toyota,RAV4,5th gen XA50
Toyota,RAV4,4th gen XA40
Toyota,RAV4,3rd gen XA30
Toyota,RAV4,2nd gen XA20
Toyota,RAV4,1st gen XA10
INFINITI,QX60,1st Generation L50
INFINITI,QX60,1st Generation L50 Hybrid
Chevrolet,Trax,2nd gen
Chevrolet,Trax,1st gen
VinFast,VF 8,-
Audi,RS 6,C5 - 4B
Honda,CR-V,6th gen
INFINITI,QX60,-
Plymouth,Colt,7th gen
Plymouth,Colt,6th gen
Plymouth,Neon,2nd gen
Plymouth,Neon,1st gen
INFINITI,QX80,2nd gen Z62
McLaren,750S,-
Volvo,EX90,1st gen
Aston Martin,DB12,-
Volvo,EX30,-
Volvo,XC60,1st gen
INFINITI,QX80,3rd gen Z63
Volvo,XC60,-
Volvo,EX90,3rd gen
Volvo,EX40,-
Audi,RS 6,B9 - 8F
Maserati,MC20,VI
Nissan,LEAF,3rd gen - ZE2
Chevrolet,Bolt,2nd gen
Nissan,LEAF,2nd gen ZE1
Nissan,LEAF,3rd gen ZE2
Toyota,RAV4,6th gen XA60
Acura,ILX,-
Acura,MDX,4th gen
Acura,MDX,3rd gen
Acura,MDX,2nd gen
Acura,MDX,1st gen
Acura,NSX,2nd gen
Acura,NSX,1st gen
Acura,RDX,3rd gen
Acura,RDX,2nd gen
Acura,RDX,1st gen
Acura,RLX,-
Acura,RSX,-
Acura,SLX,-
Acura,TLX,6th gen
Acura,TLX,5th gen
Acura,TSX,2nd gen
Acura,TSX,1st gen
Acura,ZDX,1st Gen YB1
Cadillac,ATS,-
Aston Martin,DB7,-
Cadillac,CT4,-
Aston Martin,DB9,-
Cadillac,CT5,-
Aston Martin,DBS,-
Aston Martin,DBX,-
Cadillac,CT6,-
Cadillac,CTS,3rd gen
Cadillac,CTS,2nd gen
Cadillac,CTS,1st gen
Cadillac,DTS,-
Cadillac,ELR,-
Audi,100,C4 - 4A
Audi,100,C3 - 44
Audi,200,C3 - 44
Cadillac,SRX,2nd gen
Cadillac,SRX,1st gen
Cadillac,STS,-
Cadillac,XLR,-
Cadillac,XT4,-
Cadillac,XT5,-
Cadillac,XT6,-
Cadillac,XTS,-
Audi,SQ5,80A
Audi,SQ5,8R
Audi,SQ7,4M
Audi,SQ8,-
Chevrolet,HHR,-
Audi,TTS,8S
Audi,TTS,8J
Chevrolet,SSR,-
Chrysler,200,2nd gen
Chrysler,200,1st gen
Chrysler,300,2nd gen
Chrysler,300,1st gen
Chrysler,LHS,2nd gen
Chrysler,LHS,1st gen
Ferrari,360,-
Ferrari,550,-
Ferrari,599,-
FIAT,500,-
Genesis,G70,-
Genesis,G90,-
Honda,Fit,3rd gen
Honda,Fit,2nd gen
Honda,Fit,1st gen
HUMMER,H3T,-
INFINITI,Q40,V36
INFINITI,Q50,V37
INFINITI,Q60,V37
INFINITI,Q70,-
INFINITI,QX4,-
Kia,EV6,-
Kia,Rio,3rd gen
Kia,Rio,2nd gen
Kia,Rio,1st gen
Land Rover,LR2,-
Land Rover,LR3,-
Land Rover,LR4,-
Lexus,LFA,-
Lincoln,MKC,-
Lincoln,MKS,-
Lincoln,MKT,-
Lincoln,MKX,2nd gen
Lincoln,MKX,1st gen
Lincoln,MKZ,2nd gen
Lincoln,MKZ,1st gen
Lucid,Air,-
Mazda,323,4th gen BG
Mazda,626,"5th gen GF, GW"
Mazda,626,"4th gen GE, CG"
Mazda,626,3rd gen GD
Mazda,929,5th gen HD
Mazda,MPV,2nd gen LW
Mazda,MPV,1st gen LV
Mercedes-Benz,EQS,-
Nissan,Van,-
Oldsmobile,LSS,10th gen
Pontiac,GTO,-
Porsche,911,991
Porsche,911,997
Porsche,911,996
Porsche,911,993
Porsche,911,964
Porsche,928,-
Porsche,944,-
Porsche,968,-
Ram,C/V,-
Rivian,R1T,-
Rivian,R1T,v
Saab,9-3,3rd gen
Saab,9-3,2nd gen
Saab,9-5,4th gen
Saab,9-5,3rd gen
Saab,900,2nd gen
Saab,900,1st gen
Saturn,ION,-
Saturn,Sky,-
Saturn,VUE,2nd gen
Saturn,VUE,1st gen
Subaru,BRZ,2nd Generation (ZN8/ZD8)
Subaru,WRX,VA
Subaru,WRX,4th gen - GP/GJ
Subaru,SVX,-
Suzuki,SX4,-
Toyota,MR2,2nd gen
Volkswagen,Eos,-
Volkswagen,Fox,-
Volvo,240,-
Volvo,740,-
Volvo,760,-
Volvo,780,-
Volvo,850,-
Volvo,940,-
Volvo,960,-
Volvo,C30,-
Volvo,C70,-
Volvo,S40,2nd gen
Volvo,S40,1st gen
Volvo,S60,3rd gen
Volvo,S60,2nd gen
Volvo,S60,1st gen
Volvo,S70,-
Volvo,S80,2nd gen
Volvo,S80,1st gen
Volvo,S90,-
Volvo,V40,1st gen
Volvo,V50,2nd gen
Volvo,V60,3rd gen
Volvo,V60,2nd gen
Volvo,V70,2nd gen
Volvo,V70,1st gen
Volvo,V90,-
Genesis,G80,3rd gen RG3
Genesis,G80,2nd gen DH
Genesis,G90,2nd gen RS4
Kia,Rio,4th gen SC
Kia,Rio,3rd gen UB
Kia,Rio,2nd gen JB
Kia,Rio,1st gen DC
Mercedes-Benz,EQB,-
Subaru,WRX,4th gen GP/GJ
Toyota,MR2,2nd gen W20
Porsche,911,992
Subaru,BRZ,1st Generation (ZN6/ZC6)
Mercedes-Benz,EQB,X243
Mercedes-Benz,EQE,V295
Rivian,R1S,-
Subaru,BRZ,-
Suzuki,XL7,2nd gen
Kia,EV9,-
Acura,ILX,DE1/2/3
Acura,MDX,4th gen YD8/9/YE1
Acura,NSX,2nd gen NC1
Acura,RDX,3rd gen TC1/2
Acura,TLX,6th gen UB5/UB6/UB7
McLaren,GTS,-
Mercedes-Benz,CLE,C236
Subaru,WRX,VB
Subaru,WRX,5th gen
Acura,ZDX,2nd Gen
Subaru,WRX,2nd gen VB
Acura,ZDX,-
Acura,ADX,-
Audi,SQ5,3rd gen
Mercedes-Benz,GLC,X205
Mercedes-Benz,GLE,W167
Mercedes-Benz,CLA,C118
Mercedes-Benz,GLA,H247
Mercedes-Benz,GLB,X247
Mercedes-Benz,GLS,X166
Genesis,G90,1st gen HI
Acura,CL,2nd gen
Acura,CL,1st gen
Acura,RL,2nd gen
Acura,RL,1st gen
Acura,TL,4th gen
Acura,TL,3rd gen
Acura,TL,2nd gen
Acura,TL,1st gen
Alfa Romeo,4C,-
Audi,80,B3 - 89
Audi,90,B4 - 8C
Audi,90,B3 - 89
Audi,A3,8Y
Audi,A3,8V
Audi,A3,8P
Audi,A4,B9 - 8W
Audi,A4,B8 - 8K
Audi,A4,B7 - 8E
Audi,A4,B6 - 8E
Audi,A4,B5 - 8D
Audi,A5,B9 - 8F
Audi,A5,B8 - 8T
Audi,A6,5th gen C8
Audi,A6,4th gen C7
Audi,A6,C6 - 4F
Audi,A6,C5 - 4B
Audi,A6,C4 - 4A
Audi,A7,C8 - 4G9
Audi,A7,C7 - 4G
Audi,A8,4th gen D5
Audi,A8,3rd gen D4
Audi,A8,2nd gen D3
Audi,A8,1st gen D2
Audi,Q3,F3
Audi,Q3,8U
Audi,Q5,2nd gen
Audi,Q5,1st gen
Audi,Q7,4M
Audi,Q7,4L
Audi,Q8,-
Audi,R8,2nd gen
Audi,R8,Type 42
Audi,S3,8Y
Audi,S3,8V
Audi,S4,B9 - 8W
Audi,S4,B8 - 8K
Audi,S4,B7 - 8E
Audi,S4,B6 - 8E
Audi,S4,B5 - 8D
Audi,S4,C4 - 4A
Audi,S5,B9 - 8F
Audi,S5,B8 - 8T
Audi,S6,C8
Audi,S6,C6 - 4F
Audi,S6,C5 - 4B
Audi,S6,C4 - 4A
Audi,S7,C7 - 4G
Audi,S8,4th gen D5
Audi,S8,3rd gen D4
Audi,S8,2nd gen D3
Audi,S8,1st gen D2
Audi,TT,8S
Audi,TT,8J
Audi,TT,8N
Audi,V8,D1 - 4C
Chevrolet,SS,-
BMW,i3,I01
BMW,i4,-
BMW,i8,I12
BMW,iX,F48
BMW,X1,F48
BMW,X1,E84
BMW,X2,1st gen F39
BMW,X3,G01
BMW,X3,F25
BMW,X3,E83
BMW,X4,G02
BMW,X4,F26
BMW,X5,G05
BMW,X5,F15
BMW,X5,E70
BMW,X5,E53
BMW,X6,F16
BMW,X6,"E71, E72"
BMW,X7,G07
BMW,Z3,E36
BMW,Z4,G29
BMW,Z4,E89
BMW,Z4,"E85, E86"
BMW,Z8,E52
Chrysler,TC,-
Ferrari,FF,-
Ford,GT,-
HUMMER,H1,-
HUMMER,H2,-
HUMMER,H3,-
INFINITI,EX,-
INFINITI,FX,S51
INFINITI,FX,S50
INFINITI,JX,-
INFINITI,QX,-
INFINITI,QX,J62
INFINITI,QX,JA60
Jaguar,XE,-
Jaguar,XF,-
Kia,K5,-
Lexus,CT,A10
Lexus,ES,XZ10
Lexus,ES,XV60
Lexus,ES,XV40
Lexus,ES,XV30
Lexus,ES,XV20
Lexus,ES,XV10
Lexus,ES,V20
Lexus,GS,L10
Lexus,GS,S190
Lexus,GS,S160
Lexus,GS,S140
Lexus,GX,URJ150
Lexus,GX,1st gen J120
Lexus,HS,-
Lexus,IS,XE30
Lexus,IS,XE20
Lexus,IS,XE10
Lexus,LC,-
Lexus,LS,XF50
Lexus,LS,XF40
Lexus,LS,XF30
Lexus,LS,XF20
Lexus,LS,XF10
Lexus,LX,J310
Lexus,LX,URJ200
Lexus,LX,UZJ100
Lexus,LX,ZJ80
Lexus,NX,AZ20
Lexus,NX,AZ10
Lexus,RC,-
Lexus,RX,4th gen AL20
Lexus,RX,3rd gen AL10
Lexus,RX,2nd gen XU30
Lexus,RX,1st gen XU10
Lexus,SC,Z40
Lexus,SC,Z30
Lexus,UX,ZA10
Lincoln,LS,-
Maybach,57,-
Maybach,62,-
Nissan,NX,-
Pontiac,G3,-
Pontiac,G5,-
Pontiac,G6,-
Pontiac,G8,-
Scion,iA,-
Scion,iM,-
Scion,iQ,-
Scion,tC,2nd gen
Scion,tC,1st gen
Scion,xA,-
Scion,xB,2nd gen
Scion,xB,1st gen
Scion,xD,-
Spyker,C8,-
Subaru,XT,-
Toyota,86,-
Volkswagen,CC,-
Volvo,XC,-
BMW,i7,G70
Audi,S6,C7 - 4G
BMW,XM,G07
BMW,i5,"G60, G61"
Lexus,RZ,EB10
McLaren,GT,-
Lexus,TX,-
Lexus,GX,J250
Lexus,ES,7th gen XZ10
Lexus,GX,2nd gen J150
Lexus,GX,3rd gen J250
Lexus,IS,3rd gen XE30
Lexus,LC,Z100
Lexus,LS,5th gen XF50
Lexus,LX,4th gen J310
Lexus,NX,2nd gen AZ20
Lexus,RC,XC10
Lexus,RX,5th gen ALA10
Lexus,UX,ZA10
BMW,X1,U11
Kia,K4,-
BMW,X3,G45
BMW,X6,G06
Audi,S7,C8-4K
Audi,Q5,3rd gen
Audi,A3,?
Audi,Q5,80A
Audi,Q5,8R
Lexus,UX,-
Audi,A5,All-new 3rd gen
Audi,S5,All-new 3rd gen
BMW,X2,2nd gen U10
Audi,S3,?
BMW,X2,F39
Lexus,GX,2nd gen URJ150
Lexus,GX,UZJ20
Audi,R8,42
BMW,M2,G42
Lexus,RX,AL20
Lexus,RX,AL10
Lexus,RX,XU30
Lexus,RX,XU10
Toyota,bZ,-
Audi,A6,6th gen C9
Audi,A8,D5
Audi,A8,D4 - 4H
Audi,A8,D3 - 4E
Audi,A8,D2 - 4D
Audi,Q5,FY
Audi,Q5,GU
Audi,S8,D5
Audi,S8,D4 - 4H
Audi,S8,D3 - 4E
Audi,S8,D2 - 4D
INFINITI,I,A33
INFINITI,I,A32
INFINITI,J,-
INFINITI,M,-
INFINITI,Q,F50
INFINITI,Q,FY33
INFINITI,Q,G50
Polestar,2,-
Mazda,3,4th gen BP
Mazda,3,"3rd gen BM, BN"
Mazda,3,2nd gen BL
Mazda,3,1st gen BK
Mazda,5,2nd gen
Mazda,5,1st gen
Mazda,6,3rd gen GJ1
Mazda,6,2nd gen GH1
Mazda,6,1st gen GG1
Nissan,Z,RZ34
Polestar,1,-
Mazda,2,3rd gen DE
Mazda,5,2nd gen CW
Mazda,5,1st gen CR
INFINITI,G,V36
INFINITI,G,V35
INFINITI,G,P11
INFINITI,G,P10
Polestar,3,-
All Vehicles,,